,,,,,,,,,,,,,,,,,,,,,,,,,,,,,
,TEST FILE,,CBS,,,,,ICR,,,,,ICTS,,,,,ICTS+ID,,,,,X*,,,,,,
,,,Execution time (ms),Longest Path,SIC,Memory Usage,,Execution time (ms),Longest Path,SIC,Memory Usage,,Execution time (ms),Longest Path,SIC,Memory Usage,,Execution time (ms),Longest Path,SIC,Memory Usage,,Execution time (ms),Longest Path,SIC,Memory Usage,,,
,WH1/0.json,,1.14351,32,52,8.2MB,,1.31734,32,52,8.4MB,,58.5191,32,52,10.1MB,,1.44857,32,52,8.4MB,,1.33722,32,52,8.4MB,,Timeout 10m,
,WH1/1.json,,1602.99,43,83,10.2MB,,Error,Error,Error,Error,,2246.45,43,83,14.9MB,,4455.65,43,83,16.5MB,,1572.22,43,83,10.2MB,,Segmentation Fault,
,WH1/2.json,,5.50671,140,256,8.5MB,,5.75722,140,256,8.8MB,,456.712,140,256,10.1MB,,5.81857,140,256,8.2MB,,5.75779,140,256,8.6MB,,Error,Couldn't find a path with A*
,WH1/3.json,,1740.98,242,475,10.1MB,,14.6867,238,472,8.9MB,,4388.23,238,471,28.2MB,,8608.18,238,471,29.8MB,,1739.07,242,475,10.4MB,,Solution is not valid,
,WH1/4.json,,1.88779,27,87,8.8MB,,1.86058,27,87,8.6MB,,32.8153,27,87,9.9MB,,2.831,27,87,8.6MB,,1.82482,27,87,8.6MB,,,
,WH1/5.json,,423.04,53,163,10.2MB,,1217.56,56,177,10.2MB,,173.559,53,163,10.1MB,,192.46,53,163,10.4MB,,108.553,53,163,10.2MB,,,
,WH1/6.json,,193853,151,469,16.4MB,,Error,Error,Error,Error,,4218.38,138,456,19.4MB,,3304.84,138,456,15.8MB,,273402,151,469,18.4MB,.,,
,WH1/7.json,,Timeout 10m,Timeout 10m,Timeout 10m,25.2MB,,Error,Error,Erorr,Error,,Timeout 10m,Timeout 10m,Timeout 10m,300MB,,Timeout 10m,Timeout 10m,Timeout 10m,301.5MB,,Timeout 10m,Timeout 10m,Timeout 10m,27.3MB,,,
,WH1/8.json,,2159.24,34,191,10.2MB,,109184,37,209,18.9MB,,Timeout 10m,Timeout 10m,Timeout 10m,75.1MB,,21910.8,34,191,39.5MB,,Timeout 10m,Timeout 10m,Timeout 10m,46.6MB,,,
,WH1/9.json,,Timeout 10m,Timeout 10m,Timeout 10m,43.4MB,,Timeout 10m,Timeout 10m,Timeout 10m,42.6MB,,Timeout 10m,Timeout 10m,Timeout 10m,57.8MB,,Timeout 10m,Timeout 10m,Timeout 10m,88.0MB,,Timeout 10m,Timeout 10m,Timeout 10m,220.1MB,,,
,WH1/10.json,,Timeout 10m,Timeout 10m,Timeout 10m,30.7MB,,Error,Error,Erorr,Error,,Timeout 10m,Timeout 10m,Timeout 10m,87.0MB,,Timeout 10m,Timeout 10m,Timeout 10m,91.2MB,,Timeout 10m,Timeout 10m,Timeout 10m,43.8MB,,,
,WH1/11.json,,Timeout 10m,Timeout 10m,Timeout 10m,32.1MB,,Error,Error,Error,Error,,Timeout 10m,Timeout 10m,Timeout 10m,136.3MB,,Timeout 10m,Timeout 10m,Timeout 10m,111.5MB,,Timeout 10m,Timeout 10m,Timeout 10m,131.6MB,,,
,,,,,,,,,,,,,,,,,,,,,,,,,,,,,
,WH2/0.json,,0.781262,21,41,0.0MB,,0.72056,21,41,0.0MB,,10.1088,21,41,0.0MB,,0.832364,21,41,0.0MB,,0.653287,21,41,0.0MB,,,
,WH2/1.json,,1.53974,48,77,9.0MB,,1.15093,48,77,0.0MB,,37.1243,48,77,9.4MB,,1.37166,48,77,0.0MB,,1.08327,48,77,0.0MB,,,
,WH2/2.json,,3651.06,134,255,9.6MB,,Timeout 10m,Timeout 10m,Timeout 10m,602.2MB,,1764.33,134,255,13.9MB,,3238.19,134,255,15.4MB,,3822.76,134,255,9.6MB,,,
,WH2/3.json,,82912.6,233,428,12.8MB,,18.1853,208,404,0.0MB,,17032.2,232,427,54.6MB,,31642,232,427,60.9MB,,106239,233,428,13.1MB,,,
,WH2/4.json,,1.61191,31,89,0.0MB,,1.63059,31,89,0.0MB,,30.1988,31,89,9.5MB,,1.9735,31,89,0.0MB,,1.44449,31,89,0.0MB,,,
,WH2/5.json,,118.612,55,178,9.2MB,,Error,Error,Error,Error,,205.832,55,178,9.1MB,,337.889,55,178,9.7MB,,241.832,55,178,10.2MB,,,
,WH2/6.json,,Timeout 10m,Timeout 10m,Timeout 10m,57.5MB,,Error,Error,Error,Error,,Timeout 10m,Timeout 10m,Timeout 10m,184.9MB,,Timeout 10m,Timeout 10m,Timeout 10m,172.0MB,,Timeout 10m,Timeout 10m,Timeout 10m,154.1MB,,,
,WH2/7.json,,Timeout 10m,Timeout 10m,Timeout 10m,36.1MB,,Error,Error,Error,Error,,Timeout 10m,Timeout 10m,Timeout 10m,297.8MB,,Timeout 10m,Timeout 10m,Timeout 10m,298.6MB,,Timeout 10m,Timeout 10m,Timeout 10m,34.6MB,,,
,WH2/8.json,,463728,34,179,114.0MB,,Timeout 10m,Timeout 10m,Timeout 10m,134.4MB,,Timeout 10m,Timeout 10m,Timeout 10m,125.9MB,,Timeout 10m,Timeout 10m,Timeout 10m,83.0MB,,Timeout 10m,Timeout 10m,Timeout 10m,108.6MB,,,
,WH2/9.json,,Timeout 10m,Timeout 10m,Timeout 10m,53.0MB,,Timeout 10m,Timeout 10m,Timeout 10m,52.9MB,,Timeout 10m,Timeout 10m,Timeout 10m,45.5MB,,Timeout 10m,Timeout 10m,Timeout 10m,69.9MB,,Timeout 10m,Timeout 10m,Timeout 10m,39.6MB,,,
,WH2/10.json,,Timeout 10m,Timeout 10m,Timeout 10m,58.1MB,,Error,Error,Error,Error,,Timeout 10m,Timeout 10m,Timeout 10m,100.8MB,,Timeout 10m,Timeout 10m,Timeout 10m,90.0MB,,Timeout 10m,Timeout 10m,Timeout 10m,100.5MB,,,
,WH2/11.json,,Timeout 10m,Timeout 10m,Timeout 10m,31.0MB,,Error,Error,Error,Error,,Timeout 10m,Timeout 10m,Timeout 10m,99.4MB,,Timeout 10m,Timeout 10m,Timeout 10m,99.7MB,,Timeout 10m,Timeout 10m,Timeout 10m,35.1MB,,,
,,,,,,,,,,,,,,,,,,,,,,,,,,,,,
,WH2_1/0.json,,171.806,25,40,8.4MB,,22.4418,25,40,0.0MB,,91.7315,25,39,8.2MB,,186.214,25,39,8.7MB,,162.852,25,40,8.2MB,,,
,WH2_1/1.json,,0.970854,45,60,0.0MB,,0.898572,45,60,0.0MB,,35.6031,45,60,0.0MB,,1.65729,45,60,0.0MB,,1.22089,45,60,0.0MB,,,
,WH2_1/2.json,,68.6064,70,136,8.4MB,,Error,Error,Error,Error,,146.068,70,136,8.1MB,,260.43,70,136,8.6MB,,63.3408,70,136,0.0MB,,,
,WH2_1/3.json,,9298.64,154,267,9.4MB,,Error,Error,Error,Error,,2324.75,152,265,22.0MB,,4696.93,152,256,22.5MB,,9258.86,154,267,9.6MB,,,
,WH2_1/4.json,,Timeout 10m,Timeout 10m,Timeout 10m,132.1MB,,Timeout 10m,Timeout 10m,Timeout 10m,131.0MB,,496736,25,79,99.9MB,,Timeout 10m,Timeout 10m,Timeout 10m,81.5MB,,Timeout 10m,Timeout 10m,Timeout 10m,101.2MB,,,
,WH2_1/5.json,,674.486,30,111,8.2MB,,Error,Error,Error,Error,,1920.24,30,111,11.1MB,,1307.28,30,111,13.6MB,,820.839,30,111,122.9MB,,,
,WH2_1/6.json,,Timeout 10m,Timeout 10m,Timeout 10m,87.0MB,,Error,Error,Error,Error,,Segmentation Fault,Segmentation Fault,Segmentation Fault,Segmentation Fault,,Segmentation Fault,Segmentation Fault,Segmentation Fault,Segmentation Fault,,Timeout 10m,Timeout 10m,Timeout 10m,92.6MB,,,
,WH2_1/7.json,,Timeout 10m,Timeout 10m,Timeout 10m,47.3MB,,Error,Error,Error,Error,,Timeout 10m,Timeout 10m,Timeout 10m,164.1MB,,Timeout 10m,Timeout 10m,Timeout 10m,164.0MB,,Timeout 10m,Timeout 10m,Timeout 10m,58.5MB,,,
,WH2_1/8.json,,Timeout 10m,Timeout 10m,Timeout 10m,263.0MB,,Timeout 10m,Timeout 10m,Timeout 10m,267.4MB,,Timeout 10m,Timeout 10m,Timeout 10m,128.0MB,,Timeout 10m,Timeout 10m,Timeout 10m,92.2MB,,Timeout 10m,Timeout 10m,Timeout 10m,166.8MB,,,
,WH2_1/9.json,,Timeout 10m,Timeout 10m,Timeout 10m,69.5MB,,Timeout 10m,Timeout 10m,Timeout 10m,69.5MB,,Timeout 10m,Timeout 10m,Timeout 10m,75.2MB,,Timeout 10m,Timeout 10m,Timeout 10m,97.6MB,,Timeout 10m,Timeout 10m,Timeout 10m,127.2MB,,,
,WH2_1/10.json,,Timeout 10m,Timeout 10m,Timeout 10m,72.3MB,,Timeout 10m,Timeout 10m,Timeout 10m,73.1MB,,Timeout 10m,Timeout 10m,Timeout 10m,79.5MB,,Timeout 10m,Timeout 10m,Timeout 10m,79.8MB,,Timeout 10m,Timeout 10m,Timeout 10m,93.0MB,,,
,WH2_1/11.json,,Timeout 10m,Timeout 10m,Timeout 10m,47.8MB,,Timeout 10m,Timeout 10m,Timeout 10m,48.0MB,,Timeout 10m,Timeout 10m,Timeout 10m,107.0MB,,Timeout 10m,Timeout 10m,Timeout 10m,105.4MB,,Timeout 10m,Timeout 10m,Timeout 10m,71.8MB,,,
,,,,,,,,,,,,,,,,,,,,,,,,,,,,,
,WH2_1_1/0.json,,0.719481,24,38,0.0MB,,0.708043,24,38,0.0MB,,9.6258,24,38,0.0MB,,0.83746,24,38,0.0MB,,0.538566,24,38,0.0MB,,,
,WH2_1_1/1.json,,83.4289,50,77,0.0MB,,72.8638,50,77,0.0MB,,61.8632,50,77,0.0MB,,138.208,50,77,8.3MB,,73.4116,50,77,0.0MB,,,
,WH2_1_1/2.json,,1.05309,61,106,0.0MB,,2.46971,61,106,0.0MB,,58.7252,61,106,0.0MB,,1.27959,61,106,0.0MB,,1.28173,61,106,0.0MB,,,
,WH2_1_13.json,,27520.9,125,232,14.4MB,,28167.9,125,232,14.2MB,,Segmentation Fault,Segmentation Fault,Segmentation Fault,Segmentation Fault,,Segmentation Fault,Segmentation Fault,Segmentation Fault,Segmentation Fault,,29391.9,125,232,14.4MB,,,
,WH2_1_1/4.json,,Timeout 10m,Timeout 10m,Timeout 10m,304.5MB,,Timeout 10m,Timeout 10m,Timeout 10m,302.4MB,,347959,22,68,48.1MB,,112519,22,68,34.8MB,,Timeout 10m,Timeout 10m,Timeout 10m,2195.7MB,,,
,WH2_1_1/5.json,,Timeout 10m,Timeout 10m,Timeout 10m,214.9MB,,Timeout 10m,Timeout 10m,Timeout 10m,217.5MB,,409545,30,103,61.4MB,,Timeout 10m,Timeout 10m,Timeout 10m,61.4MB,,Timeout 10m,Timeout 10m,Timeout 10m,191.6MB,,,
,WH2_1_1/6.json,,Timeout 10m,Timeout 10m,Timeout 10m,167.1MB,,Timeout 10m,Timeout 10m,Timeout 10m,170.0MB,,Timeout 10m,Timeout 10m,Timeout 10m,93.4MB,,Timeout 10m,Timeout 10m,Timeout 10m,93.3MB,,Timeout 10m,Timeout 10m,Timeout 10m,178.4MB,,,
,WH2_1_1/7.json,,Timeout 10m,Timeout 10m,Timeout 10m,114.8MB,,Timeout 10m,Timeout 10m,Timeout 10m,115.0MB,,Timeout 10m,Timeout 10m,Timeout 10m,130.5MB,,Timeout 10m,Timeout 10m,Timeout 10m,130.1MB,,Timeout 10m,Timeout 10m,Timeout 10m,124.9MB,,,
,WH2_1_1/8.json,,Timeout 10m,Timeout 10m,Timeout 10m,400.4MB,,Timeout 10m,Timeout 10m,Timeout 10m,407.3MB,,Timeout 10m,Timeout 10m,Timeout 10m,109.9MB,,Timeout 10m,Timeout 10m,Timeout 10m,77.0MB,,Timeout 10m,Timeout 10m,Timeout 10m,224.1MB,,,
,WH2_1_1/9.json,,Timeout 10m,Timeout 10m,Timeout 10m,262.9MB,,Timeout 10m,Timeout 10m,Timeout 10m,266.1MB,,Timeout 10m,Timeout 10m,Timeout 10m,94.6MB,,Timeout 10m,Timeout 10m,Timeout 10m,89.2MB,,Timeout 10m,Timeout 10m,Timeout 10m,265.4MB,,,
,WH2_1_1/10.json,,Timeout 10m,Timeout 10m,Timeout 10m,149.1MB,,Timeout 10m,Timeout 10m,Timeout 10m,148.7MB,,Segmentation Fault,Segmentation Fault,Segmentation Fault,Segmentation Fault,,Segmentation Fault,Segmentation Fault,Segmentation Fault,Segmentation Fault,,Timeout 10m,Timeout 10m,Timeout 10m,152.6MB,,,
,WH2_1_1/11.json,,Timeout 10m,Timeout 10m,Timeout 10m,87.8MB,,Timeout 10m,Timeout 10m,Timeout 10m,86.9MB,,Timeout 10m,Timeout 10m,Timeout 10m,111.9MB,,Timeout 10m,Timeout 10m,Timeout 10m,111.0MB,,Timeout 10m,Timeout 10m,Timeout 10m,130.4MB,,,
,,,,,,,,,,,,,,,,,,,,,,,,,,,,,
,WH2_1_2/0.json,,19.7374,18,30,0.0MB,,19.3754,18,30,0.0MB,,18.7635,18,30,0.0MB,,32.7868,18,30,0.0MB,,16.2041,18,30,0.0MB,,,
,WH2_1_2/1.json,,207.659,42,61,8.0MB,,236.082,42,61,8.0MB,,41.539,36,57,0.0MB,,71.2915,36,57,0.0MB,,208.232,42,61,8.0MB,,,
,WH2_1_2/2.json,,2974.55,64,119,8.9MB,,2990.93,64,119,8.8MB,,980.317,63,118,13.2MB,,1974.71,63,118,13.6MB,,3025.27,64,119,8.9MB,,,
,WH2_1_2/3.json,,73731.9,147,280,26.8MB,,75386.6,147,280,26.6MB,,6690.38,147,279,44.5MB,,13775.4,147,279,42.9MB,,75815.6,147,280,26.9MB,,,
,WH2_1_2/4.json,,Timeout 10m,Timeout 10m,Timeout 10m,786.4MB,,Timeout 10m,Timeout 10m,Timeout 10m,782.6MB,,Timeout 10m,Timeout 10m,Timeout 10m,71.7MB,,Timeout 10m,Timeout 10m,Timeout 10m,77.4MB,,Timeout 10m,Timeout 10m,Timeout 10m,815.7MB,,,
,WH2_1_2/5.json,,Timeout 10m,Timeout 10m,Timeout 10m,240.6MB,,Timeout 10m,Timeout 10m,Timeout 10m,241.1MB,,Timeout 10m,Timeout 10m,Timeout 10m,70.5MB,,Timeout 10m,Timeout 10m,Timeout 10m,65.1MB,,Timeout 10m,Timeout 10m,Timeout 10m,241.6MB,,,
,WH2_1_2/6.json,,Timeout 10m,Timeout 10m,Timeout 10m,219.9MB,,Timeout 10m,Timeout 10m,Timeout 10m,221.8MB,,Timeout 10m,Timeout 10m,Timeout 10m,70.5MB,,Timeout 10m,Timeout 10m,Timeout 10m,70.9MB,,Timeout 10m,Timeout 10m,Timeout 10m,235.7MB,,,
,WH2_1_2/7.json,,Timeout 10m,Timeout 10m,Timeout 10m,202.8MB,,Timeout 10m,Timeout 10m,Timeout 10m,201.9MB,,Timeout 10m,Timeout 10m,Timeout 10m,94.2MB,,Timeout 10m,Timeout 10m,Timeout 10m,94.2MB,,Timeout 10m,Timeout 10m,Timeout 10m,179.4MB,,,
,WH2_1_2/8.json,,Timeout 10m,Timeout 10m,Timeout 10m,347.1MB,,Timeout 10m,Timeout 10m,Timeout 10m,346.9MB,,Timeout 10m,Timeout 10m,Timeout 10m,99.4MB,,Timeout 10m,Timeout 10m,Timeout 10m,172.2MB,,Timeout 10m,Timeout 10m,Timeout 10m,281.1MB,,,
,WH2_1_2/9.json,,Timeout 10m,Timeout 10m,Timeout 10m,471.0MB,,Timeout 10m,Timeout 10m,Timeout 10m,473.5MB,,Timeout 10m,Timeout 10m,Timeout 10m,117.9MB,,Timeout 10m,Timeout 10m,Timeout 10m,135.5MB,,Timeout 10m,Timeout 10m,Timeout 10m,124.7MB,,,
,WH2_1_2/10.json,,Timeout 10m,Timeout 10m,Timeout 10m,95.4MB,,Timeout 10m,Timeout 10m,Timeout 10m,95.5MB,,Segmentation Fault,Segmentation Fault,Segmentation Fault,Segmentation Fault,,Segmentation Fault,Segmentation Fault,Segmentation Fault,Segmentation Fault,,Timeout 10m,Timeout 10m,Timeout 10m,158.4MB,,,
,WH2_1_2/11.json,,Timeout 10m,Timeout 10m,Timeout 10m,197.5MB,,Timeout 10m,Timeout 10m,Timeout 10m,198.0MB,,Timeout 10m,Timeout 10m,Timeout 10m,96.1MB,,Timeout 10m,Timeout 10m,Timeout 10m,95.8MB,,Timeout 10m,Timeout 10m,Timeout 10m,138.2MB,,,
,,,,,,,,,,,,,,,,,,,,,,,,,,,,,
,WH2_2/0.json,,0.336568,10,13,0.0MB,,0.308253,10,13,0.0MB,,5.70465,10,13,0.0MB,,0.493004,10,13,0.0MB,,0.242241,10,13,0.0MB,,,
,WH2_2/1.json,,78.8727,26,36,0.0MB,,21.5542,20,38,0.0MB,,107.668,26,36,8.4MB,,256.964,26,36,8.9MB,,77.8305,26,36,0.0MB,,,
,WH2_2/2.json,,1.7414,58,105,0.0MB,,1.82345,58,105,0.0MB,,133.391,58,105,8.0MB,,2.23915,58,105,0.0MB,,1.82388,58,105,0.0MB,,,
,WH2_2/3.json,,807.527,101,194,8.1MB,,Error,Error,Error,Error,,Solution is not valid,Solution is not valid,Solution is not valid,Solution is not valid,,Solution is not valid,Solution is not valid,Solution is not valid,Solution is not valid,,778.537,101,194,8.1MB,,,
,WH2_2/4.json,,0.430658,11,26,0.0MB,,0.783619,11,26,0.0MB,,7.36779,11,26,0.0MB,,0.757918,11,26,0.0MB,,0.441027,11,26,0.0MB,,,
,WH2_2/5.json,,17.7278,20,51,0.0MB,,Error,Error,Error,Error,,63.9439,20,51,0.0MB,,23.951,20,51,0.0MB,,23.1123,20,51,0.0MB,,,
,WH2_2/6.json,,Timeout 10m,Timeout 10m,Timeout 10m,99.0MB,,Error,Error,Error,Error,,Segmentation Fault,Segmentation Fault,Segmentation Fault,Segmentation Fault,,Segmentation Fault,Segmentation Fault,Segmentation Fault,Segmentation Fault,,Timeout 10m,Timeout 10m,Timeout 10m,9.6MB,,,
,WH2_2/7.json,,200493,111,369,42.5MB,,Timeout 10m,Timeout 10m,Timeout 10m,469.6MB,,14997.5,113,367,37.1MB,,25184,113,367,36.8MB,,220512,111,369,37.2MB,,,
,WH2_2/8.json,,7214,18,78,12.0MB,,7074.53,18,78,12.0MB,,9283.98,17,73,14.6MB,,5616.8,17,73,12.1MB,,9231.55,18,78,15.6MB,,,
,WH2_2/9.json,,26297.2,24,134,18.0MB,,Error,Error,Error,Error,,579694,23,134,99.7MB,,Timeout 10m,Timeout 10m,Timeout 10m,86.7MB,,23991.7,24,134,22.6MB,,,
,WH2_2/10.json,,Timeout 10m,Timeout 10m,Timeout 10m,86.5MB,,Timeout 10m,Timeout 10m,Timeout 10m,86.6MB,,Segmentation Fault,Segmentation Fault,Segmentation Fault,Segmentation Fault,,Segmentation Fault,Segmentation Fault,Segmentation Fault,Segmentation Fault,,Timeout 10m,Timeout 10m,Timeout 10m,94.6MB,,,
,WH2_2/11.json,,Timeout 10m,Timeout 10m,Timeout 10m,103.8MB,,Timeout 10m,Timeout 10m,Timeout 10m,104.1MB,,Timeout 10m,Timeout 10m,Timeout 10m,146.1MB,,Timeout 10m,Timeout 10m,Timeout 10m,146.5MB,,Timeout 10m,Timeout 10m,Timeout 10m,107.4MB,,,
,,,,,,,,,,,,,,,,,,,,,,,,,,,,,
,WH2_2_1/0.json,,0.241543,8,10,0.0MB,,0.280855,8,10,0.0MB,,3.01652,8,10,0.0MB,,0.393931,8,10,0.0MB,,0.198951,8,10,0.0MB,,,
,WH2_2_1/1.json,,0.40844,13,19,0.0MB,,0.300557,13,19,0.0MB,,6.51381,13,19,0.0MB,,0.544298,13,19,0.0MB,,0.235481,13,19,0.0MB,,,
,WH2_2_1/2.json,,101.649,43,76,7.9MB,,Error,Error,Error,Error,,159.168,43,76,8.1MB,,280.154,43,76,8.2MB,,99.9657,43,76,7.8MB,,,
,WH2_2_1/3.json,,88.1081,76,148,0.0MB,,83.965,76,148,0.0MB,,Segmentation Fault,Segmentation Fault,Segmentation Fault,Segmentation Fault,,Segmentation Fault,Segmentation Fault,Segmentation Fault,Segmentation Fault,,82.5874,76,148,0.0MB,,,
,WH2_2_1/4.json,,0.421708,11,31,0.0MB,,0.505539,11,31,0.0MB,,8.08399,11,31,0.0MB,,0.840708,11,31,0.0MB,,0.386785,11,31,0.0MB,,,
,WH2_2_1/5.json,,49.1734,18,64,0.0MB,,477.91,18,64,8.1MB,,125.235,18,64,8.0MB,,220.334,18,64,8.2MB,,79.4217,18,64,0.0MB,,,
,WH2_2_1/6.json,,1449.23,45,152,8.4MB,,1406.9,45,152,8.5MB,,Segmentation Fault,Segmentation Fault,Segmentation Fault,Segmentation Fault,,Segmentation Fault,Segmentation Fault,Segmentation Fault,Segmentation Fault,,2557.26,45,152,8.9MB,,,
,WH2_2_1/7.json,,Timeout 10m,Timeout 10m,Timeout 10m,231.9MB,,Timeout 10m,Timeout 10m,Timeout 10m,230.8MB,,Segmentation Fault,Segmentation Fault,Segmentation Fault,Segmentation Fault,,Segmentation Fault,Segmentation Fault,Segmentation Fault,Segmentation Fault,,Timeout 10m,Timeout 10m,Timeout 10m,8.1MB,,,
,WH2_2_1/8.json,,Timeout 10m,Timeout 10m,Timeout 10m,523.5MB,,Timeout 10m,Timeout 10m,Timeout 10m,399.7MB,,Timeout 10m,Timeout 10m,Timeout 10m,47.0MB,,Timeout 10m,Timeout 10m,Timeout 10m,40.6MB,,Timeout 10m,Timeout 10m,Timeout 10m,61.4MB,,,
,WH2_2_1/9.json,,Timeout 10m,Timeout 10m,Timeout 10m,355.3MB,,Timeout 10m,Timeout 10m,Timeout 10m,356.9MB,,Timeout 10m,Timeout 10m,Timeout 10m,91.8MB,,Timeout 10m,Timeout 10m,Timeout 10m,146.8MB,,Timeout 10m,Timeout 10m,Timeout 10m,41.8MB,,,
,WH2_2_1/10.json,,Timeout 10m,Timeout 10m,Timeout 10m,192.5MB,,Timeout 10m,Timeout 10m,Timeout 10m,191.5MB,,Timeout 10m,Timeout 10m,Timeout 10m,44.6MB,,Timeout 10m,Timeout 10m,Timeout 10m,46.2MB,,Timeout 10m,Timeout 10m,Timeout 10m,85.0MB,,,
,WH2_2_1/11.json,,Timeout 10m,Timeout 10m,Timeout 10m,243.4MB,,Timeout 10m,Timeout 10m,Timeout 10m,241.2MB,,Segmentation Fault,Segmentation Fault,Segmentation Fault,Segmentation Fault,,Segmentation Fault,Segmentation Fault,Segmentation Fault,Segmentation Fault,,Timeout 10m,Timeout 10m,Timeout 10m,48.9MB,,,
,,,,,,,,,,,,,,,,,,,,,,,,,,,,,
,WH2_2_2/0.json,,21.4414,16,26,0.0MB,,27.27,16,26,0.0MB,,27.5231,16,26,0.0MB,,49.8304,16,26,0.0MB,,21.2905,16,26,0.0MB,,,
,WH2_2_2/1.json,,0.216321,10,17,0.0MB,,0.30594,10,17,0.0MB,,3.17115,10,17,0.0MB,,0.42026,10,17,0.0MB,,0.234695,10,17,0.0MB,,,
,WH2_2_2/2.json,,342.201,46,92,8.0MB,,317.833,46,92,7.9MB,,Solution is not valid,Solution is not valid,Solution is not valid,Solution is not valid,,Solution is not valid,Solution is not valid,Solution is not valid,Solution is not valid,,309.185,46,92,8.0MB,,,
,WH2_2_2/3.json,,Timeout 10m,Timeout 10m,Timeout 10m,282.3MB,,Timeout 10m,Timeout 10m,Timeout 10m,280.0MB,,Segmentation Fault,Segmentation Fault,Segmentation Fault,Segmentation Fault,,Segmentation Fault,Segmentation Fault,Segmentation Fault,Segmentation Fault,,Timeout 10m,Timeout 10m,Timeout 10m,286.8MB,,,
,WH2_2_2/4.json,,274.067,21,61,7.9MB,,318.598,21,61,8.0MB,,848.08,22,60,9.1MB,,1535.34,22,60,9.5MB,,423.925,21,61,8.1MB,,,
,WH2_2_2/5.json,,5453.86,19,68,12.6MB,,5448.49,19,68,12.8MB,,5961.46,19,68,14.2MB,,12071.7,19,68,14.6MB,,5453.86,19,68,26.4MB,,,
,WH2_2_2/6.json,,Timeout 10m,Timeout 10m,Timeout 10m,262.6MB,,Timeout 10m,Timeout 10m,Timeout 10m,261.2MB,,Timeout 10m,Timeout 10m,Timeout 10m,61.5MB,,Timeout 10m,Timeout 10m,Timeout 10m,62.4MB,,Timeout 10m,Timeout 10m,Timeout 10m,129.5MB,,,
,WH2_2_2/7.json,,Timeout 10m,Timeout 10m,Timeout 10m,264.0MB,,Timeout 10m,Timeout 10m,Timeout 10m,264.0MB,,Timeout 10m,Timeout 10m,Timeout 10m,131.9MB,,Timeout 10m,Timeout 10m,Timeout 10m,131.9MB,,Timeout 10m,Timeout 10m,Timeout 10m,261.6MB,,,
,WH2_2_2/8.json,,Timeout 10m,Timeout 10m,Timeout 10m,699.3MB,,Timeout 10m,Timeout 10m,Timeout 10m,698.4MB,,Timeout 10m,Timeout 10m,Timeout 10m,118.2MB,,Timeout 10m,Timeout 10m,Timeout 10m,71.8MB,,Timeout 10m,Timeout 10m,Timeout 10m,78.8MB,,,
,WH2_2_2/9.json,,Timeout 10m,Timeout 10m,Timeout 10m,434.3MB,,Timeout 10m,Timeout 10m,Timeout 10m,433.5MB,,Timeout 10m,Timeout 10m,Timeout 10m,108.6MB,,Timeout 10m,Timeout 10m,Timeout 10m,85.6MB,,Timeout 10m,Timeout 10m,Timeout 10m,2016.3MB,,,
,WH2_2_2/10.json,,Timeout 10m,Timeout 10m,Timeout 10m,323.4MB,,Timeout 10m,Timeout 10m,Timeout 10m,323.4MB,,Timeout 10m,Timeout 10m,Timeout 10m,96.2MB,,Timeout 10m,Timeout 10m,Timeout 10m,86.6MB,,Timeout 10m,Timeout 10m,Timeout 10m,1624.3MB,,,
,WH2_2_2/11.json,,Timeout 10m,Timeout 10m,Timeout 10m,303.9MB,,Timeout 10m,Timeout 10m,Timeout 10m,304.4MB,,Segmentation Fault,Segmentation Fault,Segmentation Fault,Segmentation Fault,,Segmentation Fault,Segmentation Fault,Segmentation Fault,Segmentation Fault,,Timeout 10m,Timeout 10m,Timeout 10m,239.0MB,,,
,,,,,,,,,,,,,,,,,,,,,,,,,,,,,
,WH12/0.json,,1.83087,36,48,16.0MB,,1.87053,36,48,15.8MB,,56.924,36,48,15.8MB,,1.77261,36,48,13.9MB,,1.53955,36,48,13.9MB,,,
,WH12/1.json,,341.693,62,108,15.9MB,,6.41337,61,109,13.8MB,,302.511,60,106,16.1MB,,607.044,60,106,16.2MB,,238.636,62,108,16.0MB,,,
,WH12/2.json,,8.85025,160,272,13.8MB,,9.17498,160,272,14.0MB,,1372.25,160,272,15.5MB,,9.00765,160,272,15.6MB,,9.18191,160,272,14.0MB,,,
,WH12/3.json,,3798.15,280,514,15.6MB,,Error,Error,Error,Error,,7392.02,270,507,17.1MB,,14972.9,270,507,23.1MB,,10736.7,270,511,15.9MB,,,
,WH12/4.json,,3.16233,33,88,13.9MB,,3.22149,33,88,15.8MB,,95.2145,33,88,15.9MB,,3.64789,33,88,16.1MB,,3.39544,33,88,15.8MB,,,
,WH12/5.json,,336.345,52,157,15.9MB,,11.5457,54,176,15.4MB,,368.826,52,175,16.1MB,,453.811,53,175,16.2MB,,536.345,52,157,16.7MB,,,
,WH12/6.json,,Timeout 10m,Timeout 10m,Timeout 10m,22.7MB,,Error,Error,Error,Error,,Timeout 10m,Timeout 10m,Timeout 10m,125.5MB,,Timeout 10m,Timeout 10m,Timeout 10m,130.3MB,,Timeout 10m,Timeout 10m,Timeout 10m,22.7MB,,,
,WH12/7.json,,6871.32,297,1075,15.9MB,,Error,Error,Error,Error,,10363.4,288,1060,15.9MB,,19851.1,288,1060,17.9MB,,9234.24,297,1075,17.9MB,,,
,WH12/8.json,,339.573,45,190,15.9MB,,10.486,45,190,15.5MB,,270.529,45,188,16.0MB,,156.767,45,188,15.9MB,,540.132,45,190,18.9MB,,,
,WH12/9.json,,Timeout 10m,Timeout 10m,Timeout 10m,38.3MB,,Error,Error,Error,Error,,Timeout 10m,Timeout 10m,Timeout 10m,63.9MB,,Timeout 10m,Timeout 10m,Timeout 10m,74.5MB,,Timeout 10m,Timeout 10m,Timeout 10m,39.3MB,,,
,WH12/10.json,,Timeout 10m,Timeout 10m,Timeout 10m,21.9MB,,Error,Error,Error,Error,,Timeout 10m,Timeout 10m,Timeout 10m,83.4MB,,Timeout 10m,Timeout 10m,Timeout 10m,98.8MB,,Timeout 10m,Timeout 10m,Timeout 10m,41.5MB,,,
,WH12/11.json,,Timeout 10m,Timeout 10m,Timeout 10m,20.4MB,,Error,Error,Error,Error,,Timeout 10m,Timeout 10m,Timeout 10m,114.8MB,,Timeout 10m,Timeout 10m,Timeout 10m,136.9MB,,Timeout 10m,Timeout 10m,Timeout 10m,21.5MB,,,
,,,,,,,,,,,,,,,,,,,,,,,,,,,,,
,Totale,108,,,,,,,,,,,,,,,,,,,,,,,,,,,
,,,,,,,,,,,,,,,,,,,,,,,,,,,,,
,,,,,,,,,,,,,,,,,,,,,,,,,,,,,
,,CBS,ICR,ICTS,ICTS+ID,XSTAR,,,,,,,,,,,,,,,,,,,,,,,
,# Solutions found,57,42,53,51,55,,,,,,,,,,,,,,,,,,,,,,,
,# Timeout,51,40,41,43,53,,,,,,,,,,,,,,,,,,,,,,,
,# Segmentation Fault,0,0,12,12,0,,,,,,,,,,,,,,,,,,,,,,,
,# Error,0,26,0,0,0,,,,,,,,,,,,,,,,,,,,,,,
,# Solution is not valid,0,0,2,2,0,,,,,,,,,,,,,,,,,,,,,,,
,# Not Solution,51,66,55,57,53,,,,,,,,,,,,,,,,,,,,,,,
,# Solution / # Not solution,"1,12","0,64","0,96","0,89","1,04",,Media soluzioni,,,,,,,,,,,,,,,,,,,,,
,Total MB,"10.435,30","10.610,60","5.310,10","5.254,00","13.087,40",,,,,,,,,,,,,,,,,,,,,,,
,Total MB / Not Error,"96,62","129,40","56,49","55,89","121,18",,Totale MB sulle soluzioni che non sono andate in errore,,,,,,,,,,,,,,,,,,,,,
,Total s,"31.719,35","24.232,57","26.528,93","26.089,97","32.590,92",,Totale s contando i Timeout (600s),,,,,,,,,,,,,,,,,,,,,
,Total s / Not Error,"293,70","295,52","282,22","277,55","301,77",,Media di secondi per soluzione (inclusi i timeout),,,,,,,,,,,,,,,,,,,,,
,Total s w/o Timeout,"1.119,35","232,57","1.928,93","289,97","790,92",,Totale s solo delle soluzioni,,,,,,,,,,,,,,,,,,,,,
,Total s w/o Timeout / # Solution,"19,64","5,54","36,39","5,69","14,38",,Media di secondi per soluzione,,,,,,,,,,,,,,,,,,,,,
,,,,,,,,,,,,,,,,,,,,,,,,,,,,,
,,,,,,,,,,,,,,,,,,,,,,,,,,,,,
,,,,,,,,,,,,,,,,,,,,,,,,,,,,,
,,,,,,,,,,,,,,,,,,,,,,,,,,,,,
,,,,,,,,,,,,,,,,,,,,,,,,,,,,,
,,,,,,,,,,,,,,,,,,,,,,,,,,,,,
,,,,,,,,,,,,,,,,,,,,,,,,,,,,,
,# Number of solution / Tempi (ms),CBS,ICR,ICTS,ICTS+ID,XSTAR,VIRTUAL BEST,,,,,,,,,,,,,,,,,,,,,,
,1,"0,216321","0,280855","3,01652","0,393931","0,198951","0,198951",,,,,,,,,,,,,,,,,,,,,,
,2,"0,457864","0,581412","6,18767","0,814191","0,433646","0,433646",,,,,,,,,,,,,,,,,,,,,,
,3,"0,794432","0,887352","11,89232","1,307195","0,669127","0,669127",,,,,,,,,,,,,,,,,,,,,,
,4,"1,202872","1,195605","18,40613","1,851493","0,911368","0,911368",,,,,,,,,,,,,,,,,,,,,,
,5,"1,624580","1,701144","25,77392","2,609411","1,298153","1,298153",,,,,,,,,,,,,,,,,,,,,,
,6,"2,055238","2,409187","33,85791","3,441775","1,73918","1,739180",,,,,,,,,,,,,,,,,,,,,,
,7,"2,774719","3,129747","43,48371","4,279235","2,277746","2,277746",,,,,,,,,,,,,,,,,,,,,,
,8,"3,555981","3,913366","53,59251","5,119943","2,931033","2,931033",,,,,,,,,,,,,,,,,,,,,,
,9,"4,526835","4,811938","72,35601","6,399533","4,014303","4,014303",,,,,,,,,,,,,,,,,,,,,,
,10,"5,579925","5,962868","99,87911","7,771193","5,235193","5,235193",,,,,,,,,,,,,,,,,,,,,,
,11,"6,723435","7,280208","130,07791","9,219763","6,516923","6,516923",,,,,,,,,,,,,,,,,,,,,,
,12,"8,263175","8,910798","162,89321","10,877053","7,854143","7,854143",,,,,,,,,,,,,,,,,,,,,,
,13,"9,875085","10,734248","198,49631","12,649663","9,298633","9,298633",,,,,,,,,,,,,,,,,,,,,,
,14,"11,616485","12,594828","235,62061","14,623163","10,838183","10,838183",,,,,,,,,,,,,,,,,,,,,,
,15,"13,447355","14,465358","277,15961","16,862313","12,662063","12,662063",,,,,,,,,,,,,,,,,,,,,,
,16,"15,335145","16,935068","334,08361","19,693313","14,486883","14,486883",,,,,,,,,,,,,,,,,,,,,,
,17,"18,497475","20,156558","392,60271","23,341203","17,882323","17,882323",,,,,,,,,,,,,,,,,,,,,,
,18,"24,004185","25,913778","451,32791","29,159773","23,640113","23,640113",,,,,,,,,,,,,,,,,,,,,,
,19,"32,854435","32,327148","513,19111","38,167423","32,822023","32,327148",,,,,,,,,,,,,,,,,,,,,,
,20,"50,582235","41,502128","577,13501","62,118423","49,026123","41,502128",,,,,,,,,,,,,,,,,,,,,,
,21,"70,319635","51,988128","668,86651","94,905223","70,316623","51,988128",,,,,,,,,,,,,,,,,,,,,,
,22,"91,761035","63,533828","764,08101","144,735623","93,428923","63,533828",,,,,,,,,,,,,,,,,,,,,,
,23,"140,934435","78,220528","871,74901","216,027123","156,769723","78,220528",,,,,,,,,,,,,,,,,,,,,,
,24,"209,540835","96,405828","996,98401","354,235123","230,181323","96,405828",,,,,,,,,,,,,,,,,,,,,,
,25,"288,413535","115,781228","1130,37501","511,002123","308,011823","115,781228",,,,,,,,,,,,,,,,,,,,,,
,26,"371,842435","137,335428","1276,44301","697,216123","387,433523","137,335428",,,,,,,,,,,,,,,,,,,,,,
,27,"459,950535","159,777228","1435,61101","889,676123","470,020923","159,777228",,,,,,,,,,,,,,,,,,,,,,
,28,"561,599535","187,047228","1609,17001","1110,010123","569,986623","187,047228",,,,,,,,,,,,,,,,,,,,,,
,29,"680,211535","259,911028","1815,00201","1366,974123","678,539623","259,911028",,,,,,,,,,,,,,,,,,,,,,
,30,"852,017535","343,876028","2085,53101","1627,404123","841,391623","343,876028",,,,,,,,,,,,,,,,,,,,,,
,31,"1059,676535","579,958028","2388,04201","1907,558123","1049,623623","579,958028",,,,,,,,,,,,,,,,,,,,,,
,32,"1333,743535","897,791028","2756,86801","2245,447123","1288,259623","897,791028",,,,,,,,,,,,,,,,,,,,,,
,33,"1670,088535","1216,389028","3213,58001","2699,258123","1530,091623","1216,389028",,,,,,,,,,,,,,,,,,,,,,
,34,"2009,661535","1694,299028","4061,66001","3306,302123","1839,276623","1694,299028",,,,,,,,,,,,,,,,,,,,,,
,35,"2351,354535","2911,859028","5041,97701","4613,582123","2263,201623","2263,201623",,,,,,,,,,,,,,,,,,,,,,
,36,"2693,555535","4318,759028","6414,22701","6148,922123","2799,546623","2693,555535",,,,,,,,,,,,,,,,,,,,,,
,37,"3116,595535","7309,689028","8178,55701","8123,632123","3339,678623","3116,595535",,,,,,,,,,,,,,,,,,,,,,
,38,"3791,081535","12758,17903","10098,79701","11361,82212","4118,215623","3791,081535",,,,,,,,,,,,,,,,,,,,,,
,39,"4598,608535","19832,70903","12345,24701","14666,66212","4939,054623","4598,608535",,,,,,,,,,,,,,,,,,,,,,
,40,"6047,838535","48000,60903","14669,99701","19122,31212","6511,274623","6047,838535",,,,,,,,,,,,,,,,,,,,,,
,41,"7650,828535","123387,209","18888,37701","23819,24212","8250,344623","7650,828535",,,,,,,,,,,,,,,,,,,,,,
,42,"9391,808535","232571,209","23276,60701","29436,04212","10807,60462","9391,808535",,,,,,,,,,,,,,,,,,,,,,
,43,"11551,048535",,"29238,06701","38044,22212","13832,87462","11551,048535",,,,,,,,,,,,,,,,,,,,,,
,44,"14525,598535",,"35928,44701","50115,92212","17655,63462","14525,598535",,,,,,,,,,,,,,,,,,,,,,
,45,"18176,658535",,"43320,46701","63891,32212","23109,49462","18176,658535",,,,,,,,,,,,,,,,,,,,,,
,46,"21974,808535",,"52604,44701","78864,22212","32341,04462","21974,808535",,,,,,,,,,,,,,,,,,,,,,
,47,"27428,668535",,"62967,84701","98715,32212","41575,28462","27428,668535",,,,,,,,,,,,,,,,,,,,,,
,48,"34299,988535",,"77965,34701","120626,1221","50834,14462","34299,988535",,,,,,,,,,,,,,,,,,,,,,
,49,"41513,988535",,"94997,54701","145810,1221","61570,84462","41513,988535",,,,,,,,,,,,,,,,,,,,,,
,50,"50812,628535",,"442956,547","177452,1221","85562,54462","50812,628535",,,,,,,,,,,,,,,,,,,,,,
,51,"77109,828535",,"852501,547","289971,1221","114954,4446","77109,828535",,,,,,,,,,,,,,,,,,,,,,
,52,"104630,728535",,"1349237,547",,"190770,0446","104630,728535",,,,,,,,,,,,,,,,,,,,,,
,53,"178362,628535",,"1928931,547",,"297009,0446","178362,628535",,,,,,,,,,,,,,,,,,,,,,
,54,"261275,228535",,,,"517521,0446","261275,228535",,,,,,,,,,,,,,,,,,,,,,
,55,"455128,228535",,,,"790923,0446","455128,228535",,,,,,,,,,,,,,,,,,,,,,
,56,"655621,228535",,,,,"655621,228535",,,,,,,,,,,,,,,,,,,,,,
,57,"1119349,228535",,,,,"1119349,228535",,,,,,,,,,,,,,,,,,,,,,
,,,,,,,,,,,,,,,,,,,,,,,,,,,,,
,,,,,,,,,,,,,,,,,,,,,,,,,,,,,
,,,,,,,,,,,,,,,,,,,,,,,,,,,,,
,,,,,,,,,,,,,,,,,,,,,,,,,,,,,
,,,,,,,,,,,,,,,,,,,,,,,,,,,,,
,,,,,,,,,,,,,,,,,,,,,,,,,,,,,
,,CBS,ICR,ICTS,ICTS+ID,XSTAR,,CBS,ICR,ICTS,ICTS+ID,XSTAR,,,,,,,,,,,,,,,,,
,WH1/0.json,1.14351,1.31734,58.5191,1.44857,1.33722,,"1,14","1,32","58,52","1,45","1,34",,1,,,,,,,,,,,,,,,
,WH1/1.json,1602.99,Error,2246.45,4455.65,1572.22,,"1.602,99","600.000,00","2.246,45","4.455,65","1.572,22",,2,,,,,,,,,,,,,,,
,WH1/2.json,5.50671,5.75722,456.712,5.81857,5.75779,,"5,51","5,76","456,71","5,82","5,76",,3,,,,,,,,,,,,,,,
,WH1/3.json,1740.98,14.6867,4388.23,8608.18,1739.07,,"1.740,98","14,69","4.388,23","8.608,18","1.739,07",,4,,,,,,,,,,,,,,,
,WH1/4.json,1.88779,1.86058,32.8153,2.831,1.82482,,"1,89","1,86","32,82","2,83","1,82",,5,,,,,,,,,,,,,,,
,WH1/5.json,423.04,1217.56,173.559,192.46,108.553,,"423,04","1.217,56","173,56","192,46","108,55",,6,,,,,,,,,,,,,,,
,WH1/6.json,193853,Error,4218.38,3304.84,273402,,"193.853,00","600.000,00","4.218,38","3.304,84","273.402,00",,7,,,,,,,,,,,,,,,
,WH1/7.json,Timeout 10m,Error,Timeout 10m,Timeout 10m,Timeout 10m,,"600.000,00","600.000,00","600.000,00","600.000,00","600.000,00",,8,,,,,,,,,,,,,,,
,WH1/8.json,2159.24,109184,Timeout 10m,21910.8,Timeout 10m,,"2.159,24","109.184,00","600.000,00","21.910,80","600.000,00",,9,,,,,,,,,,,,,,,
,WH1/9.json,Timeout 10m,Timeout 10m,Timeout 10m,Timeout 10m,Timeout 10m,,"600.000,00","600.000,00","600.000,00","600.000,00","600.000,00",,10,,,,,,,,,,,,,,,
,WH1/10.json,Timeout 10m,Error,Timeout 10m,Timeout 10m,Timeout 10m,,"600.000,00","600.000,00","600.000,00","600.000,00","600.000,00",,11,,,,,,,,,,,,,,,
,WH1/11.json,Timeout 10m,Error,Timeout 10m,Timeout 10m,Timeout 10m,,"600.000,00","600.000,00","600.000,00","600.000,00","600.000,00",,12,,,,,,,,,,,,,,,
,WH2/0.json,0.781262,0.72056,10.1088,0.832364,0.653287,,"0,78","0,72","10,11","0,83","0,65",,13,,,,,,,,,,,,,,,
,WH2/1.json,1.53974,1.15093,37.1243,1.37166,1.08327,,"1,54","1,15","37,12","1,37","1,08",,14,,,,,,,,,,,,,,,
,WH2/2.json,3651.06,Timeout 10m,1764.33,3238.19,3822.76,,"3.651,06","600.000,00","1.764,33","3.238,19","3.822,76",,15,,,,,,,,,,,,,,,
,WH2/3.json,82912.6,18.1853,17032.2,31642,106239,,"82.912,60","18,19","17.032,20","31.642,00","106.239,00",,16,,,,,,,,,,,,,,,
,WH2/4.json,1.61191,1.63059,30.1988,1.9735,1.44449,,"1,61","1,63","30,20","1,97","1,44",,17,,,,,,,,,,,,,,,
,WH2/5.json,118.612,Error,205.832,337.889,241.832,,"118,61","600.000,00","205,83","337,89","241,83",,18,,,,,,,,,,,,,,,
,WH2/6.json,Timeout 10m,Error,Timeout 10m,Timeout 10m,Timeout 10m,,"600.000,00","600.000,00","600.000,00","600.000,00","600.000,00",,19,,,,,,,,,,,,,,,
,WH2/7.json,Timeout 10m,Error,Timeout 10m,Timeout 10m,Timeout 10m,,"600.000,00","600.000,00","600.000,00","600.000,00","600.000,00",,20,,,,,,,,,,,,,,,
,WH2/8.json,463728,Timeout 10m,Timeout 10m,Timeout 10m,Timeout 10m,,"463.728,00","600.000,00","600.000,00","600.000,00","600.000,00",,21,,,,,,,,,,,,,,,
,WH2/9.json,Timeout 10m,Timeout 10m,Timeout 10m,Timeout 10m,Timeout 10m,,"600.000,00","600.000,00","600.000,00","600.000,00","600.000,00",,22,,,,,,,,,,,,,,,
,WH2/10.json,Timeout 10m,Error,Timeout 10m,Timeout 10m,Timeout 10m,,"600.000,00","600.000,00","600.000,00","600.000,00","600.000,00",,23,,,,,,,,,,,,,,,
,WH2/11.json,Timeout 10m,Error,Timeout 10m,Timeout 10m,Timeout 10m,,"600.000,00","600.000,00","600.000,00","600.000,00","600.000,00",,24,,,,,,,,,,,,,,,
,WH2_1/0.json,171.806,22.4418,91.7315,186.214,162.852,,"171,81","22,44","91,73","186,21","162,85",,25,,,,,,,,,,,,,,,
,WH2_1/1.json,0.970854,0.898572,35.6031,1.65729,1.22089,,"0,97","0,90","35,60","1,66","1,22",,26,,,,,,,,,,,,,,,
,WH2_1/2.json,68.6064,Error,146.068,260.43,63.3408,,"68,61","600.000,00","146,07","260,43","63,34",,27,,,,,,,,,,,,,,,
,WH2_1/3.json,9298.64,Error,2324.75,4696.93,9258.86,,"9.298,64","600.000,00","2.324,75","4.696,93","9.258,86",,28,,,,,,,,,,,,,,,
,WH2_1/4.json,Timeout 10m,Timeout 10m,496736,Timeout 10m,Timeout 10m,,"600.000,00","600.000,00","496.736,00","600.000,00","600.000,00",,29,,,,,,,,,,,,,,,
,WH2_1/5.json,674.486,Error,1920.24,1307.28,820.839,,"674,49","600.000,00","1.920,24","1.307,28","820,84",,30,,,,,,,,,,,,,,,
,WH2_1/6.json,Timeout 10m,Error,Segmentation Fault,Segmentation Fault,Timeout 10m,,"600.000,00","600.000,00","600.000,00","600.000,00","600.000,00",,31,,,,,,,,,,,,,,,
,WH2_1/7.json,Timeout 10m,Error,Timeout 10m,Timeout 10m,Timeout 10m,,"600.000,00","600.000,00","600.000,00","600.000,00","600.000,00",,32,,,,,,,,,,,,,,,
,WH2_1/8.json,Timeout 10m,Timeout 10m,Timeout 10m,Timeout 10m,Timeout 10m,,"600.000,00","600.000,00","600.000,00","600.000,00","600.000,00",,33,,,,,,,,,,,,,,,
,WH2_1/9.json,Timeout 10m,Timeout 10m,Timeout 10m,Timeout 10m,Timeout 10m,,"600.000,00","600.000,00","600.000,00","600.000,00","600.000,00",,34,,,,,,,,,,,,,,,
,WH2_1/10.json,Timeout 10m,Timeout 10m,Timeout 10m,Timeout 10m,Timeout 10m,,"600.000,00","600.000,00","600.000,00","600.000,00","600.000,00",,35,,,,,,,,,,,,,,,
,WH2_1/11.json,Timeout 10m,Timeout 10m,Timeout 10m,Timeout 10m,Timeout 10m,,"600.000,00","600.000,00","600.000,00","600.000,00","600.000,00",,36,,,,,,,,,,,,,,,
,WH2_1_1/0.json,0.719481,0.708043,9.6258,0.83746,0.538566,,"0,72","0,71","9,63","0,84","0,54",,37,,,,,,,,,,,,,,,
,WH2_1_1/1.json,83.4289,72.8638,61.8632,138.208,73.4116,,"83,43","72,86","61,86","138,21","73,41",,38,,,,,,,,,,,,,,,
,WH2_1_1/2.json,1.05309,2.46971,58.7252,1.27959,1.28173,,"1,05","2,47","58,73","1,28","1,28",,39,,,,,,,,,,,,,,,
,WH2_1_13.json,27520.9,28167.9,Segmentation Fault,Segmentation Fault,29391.9,,"27.520,90","28.167,90","600.000,00","600.000,00","29.391,90",,40,,,,,,,,,,,,,,,
,WH2_1_1/4.json,Timeout 10m,Timeout 10m,347959,112519,Timeout 10m,,"600.000,00","600.000,00","347.959,00","112.519,00","600.000,00",,41,,,,,,,,,,,,,,,
,WH2_1_1/5.json,Timeout 10m,Timeout 10m,409545,Timeout 10m,Timeout 10m,,"600.000,00","600.000,00","409.545,00","600.000,00","600.000,00",,42,,,,,,,,,,,,,,,
,WH2_1_1/6.json,Timeout 10m,Timeout 10m,Timeout 10m,Timeout 10m,Timeout 10m,,"600.000,00","600.000,00","600.000,00","600.000,00","600.000,00",,43,,,,,,,,,,,,,,,
,WH2_1_1/7.json,Timeout 10m,Timeout 10m,Timeout 10m,Timeout 10m,Timeout 10m,,"600.000,00","600.000,00","600.000,00","600.000,00","600.000,00",,44,,,,,,,,,,,,,,,
,WH2_1_1/8.json,Timeout 10m,Timeout 10m,Timeout 10m,Timeout 10m,Timeout 10m,,"600.000,00","600.000,00","600.000,00","600.000,00","600.000,00",,45,,,,,,,,,,,,,,,
,WH2_1_1/9.json,Timeout 10m,Timeout 10m,Timeout 10m,Timeout 10m,Timeout 10m,,"600.000,00","600.000,00","600.000,00","600.000,00","600.000,00",,46,,,,,,,,,,,,,,,
,WH2_1_1/10.json,Timeout 10m,Timeout 10m,Segmentation Fault,Segmentation Fault,Timeout 10m,,"600.000,00","600.000,00","600.000,00","600.000,00","600.000,00",,47,,,,,,,,,,,,,,,
,WH2_1_1/11.json,Timeout 10m,Timeout 10m,Timeout 10m,Timeout 10m,Timeout 10m,,"600.000,00","600.000,00","600.000,00","600.000,00","600.000,00",,48,,,,,,,,,,,,,,,
,WH2_1_2/0.json,19.7374,19.3754,18.7635,32.7868,16.2041,,"19,74","19,38","18,76","32,79","16,20",,49,,,,,,,,,,,,,,,
,WH2_1_2/1.json,207.659,236.082,41.539,71.2915,208.232,,"207,66","236,08","41,54","71,29","208,23",,50,,,,,,,,,,,,,,,
,WH2_1_2/2.json,2974.55,2990.93,980.317,1974.71,3025.27,,"2.974,55","2.990,93","980,32","1.974,71","3.025,27",,51,,,,,,,,,,,,,,,
,WH2_1_2/3.json,73731.9,75386.6,6690.38,13775.4,75815.6,,"73.731,90","75.386,60","6.690,38","13.775,40","75.815,60",,52,,,,,,,,,,,,,,,
,WH2_1_2/4.json,Timeout 10m,Timeout 10m,Timeout 10m,Timeout 10m,Timeout 10m,,"600.000,00","600.000,00","600.000,00","600.000,00","600.000,00",,53,,,,,,,,,,,,,,,
,WH2_1_2/5.json,Timeout 10m,Timeout 10m,Timeout 10m,Timeout 10m,Timeout 10m,,"600.000,00","600.000,00","600.000,00","600.000,00","600.000,00",,54,,,,,,,,,,,,,,,
,WH2_1_2/6.json,Timeout 10m,Timeout 10m,Timeout 10m,Timeout 10m,Timeout 10m,,"600.000,00","600.000,00","600.000,00","600.000,00","600.000,00",,55,,,,,,,,,,,,,,,
,WH2_1_2/7.json,Timeout 10m,Timeout 10m,Timeout 10m,Timeout 10m,Timeout 10m,,"600.000,00","600.000,00","600.000,00","600.000,00","600.000,00",,56,,,,,,,,,,,,,,,
,WH2_1_2/8.json,Timeout 10m,Timeout 10m,Timeout 10m,Timeout 10m,Timeout 10m,,"600.000,00","600.000,00","600.000,00","600.000,00","600.000,00",,57,,,,,,,,,,,,,,,
,WH2_1_2/9.json,Timeout 10m,Timeout 10m,Timeout 10m,Timeout 10m,Timeout 10m,,"600.000,00","600.000,00","600.000,00","600.000,00","600.000,00",,58,,,,,,,,,,,,,,,
,WH2_1_2/10.json,Timeout 10m,Timeout 10m,Segmentation Fault,Segmentation Fault,Timeout 10m,,"600.000,00","600.000,00","600.000,00","600.000,00","600.000,00",,59,,,,,,,,,,,,,,,
,WH2_1_2/11.json,Timeout 10m,Timeout 10m,Timeout 10m,Timeout 10m,Timeout 10m,,"600.000,00","600.000,00","600.000,00","600.000,00","600.000,00",,60,,,,,,,,,,,,,,,
,WH2_2/0.json,0.336568,0.308253,5.70465,0.493004,0.242241,,"0,34","0,31","5,70","0,49","0,24",,61,,,,,,,,,,,,,,,
,WH2_2/1.json,78.8727,21.5542,107.668,256.964,77.8305,,"78,87","21,55","107,67","256,96","77,83",,62,,,,,,,,,,,,,,,
,WH2_2/2.json,1.7414,1.82345,133.391,2.23915,1.82388,,"1,74","1,82","133,39","2,24","1,82",,63,,,,,,,,,,,,,,,
,WH2_2/3.json,807.527,Error,Solution is not valid,Solution is not valid,778.537,,"807,53","600.000,00","600.000,00","600.000,00","778,54",,64,,,,,,,,,,,,,,,
,WH2_2/4.json,0.430658,0.783619,7.36779,0.757918,0.441027,,"0,43","0,78","7,37","0,76","0,44",,65,,,,,,,,,,,,,,,
,WH2_2/5.json,17.7278,Error,63.9439,23.951,23.1123,,"17,73","600.000,00","63,94","23,95","23,11",,66,,,,,,,,,,,,,,,
,WH2_2/6.json,Timeout 10m,Error,Segmentation Fault,Segmentation Fault,Timeout 10m,,"600.000,00","600.000,00","600.000,00","600.000,00","600.000,00",,67,,,,,,,,,,,,,,,
,WH2_2/7.json,200493,Timeout 10m,14997.5,25184,220512,,"200.493,00","600.000,00","14.997,50","25.184,00","220.512,00",,68,,,,,,,,,,,,,,,
,WH2_2/8.json,7214,7074.53,9283.98,5616.8,9231.55,,"7.214,00","7.074,53","9.283,98","5.616,80","9.231,55",,69,,,,,,,,,,,,,,,
,WH2_2/9.json,26297.2,Error,579694,Timeout 10m,23991.7,,"26.297,20","600.000,00","579.694,00","600.000,00","23.991,70",,70,,,,,,,,,,,,,,,
,WH2_2/10.json,Timeout 10m,Timeout 10m,Segmentation Fault,Segmentation Fault,Timeout 10m,,"600.000,00","600.000,00","600.000,00","600.000,00","600.000,00",,71,,,,,,,,,,,,,,,
,WH2_2/11.json,Timeout 10m,Timeout 10m,Timeout 10m,Timeout 10m,Timeout 10m,,"600.000,00","600.000,00","600.000,00","600.000,00","600.000,00",,72,,,,,,,,,,,,,,,
,WH2_2_1/0.json,0.241543,0.280855,3.01652,0.393931,0.198951,,"0,24","0,28","3,02","0,39","0,20",,73,,,,,,,,,,,,,,,
,WH2_2_1/1.json,0.40844,0.300557,6.51381,0.544298,0.235481,,"0,41","0,30","6,51","0,54","0,24",,74,,,,,,,,,,,,,,,
,WH2_2_1/2.json,101.649,Error,159.168,280.154,99.9657,,"101,65","600.000,00","159,17","280,15","99,97",,75,,,,,,,,,,,,,,,
,WH2_2_1/3.json,88.1081,83.965,Segmentation Fault,Segmentation Fault,82.5874,,"88,11","83,97","600.000,00","600.000,00","82,59",,76,,,,,,,,,,,,,,,
,WH2_2_1/4.json,0.421708,0.505539,8.08399,0.840708,0.386785,,"0,42","0,51","8,08","0,84","0,39",,77,,,,,,,,,,,,,,,
,WH2_2_1/5.json,49.1734,477.91,125.235,220.334,79.4217,,"49,17","477,91","125,24","220,33","79,42",,78,,,,,,,,,,,,,,,
,WH2_2_1/6.json,1449.23,1406.9,Segmentation Fault,Segmentation Fault,2557.26,,"1.449,23","1.406,90","600.000,00","600.000,00","2.557,26",,79,,,,,,,,,,,,,,,
,WH2_2_1/7.json,Timeout 10m,Timeout 10m,Segmentation Fault,Segmentation Fault,Timeout 10m,,"600.000,00","600.000,00","600.000,00","600.000,00","600.000,00",,80,,,,,,,,,,,,,,,
,WH2_2_1/8.json,Timeout 10m,Timeout 10m,Timeout 10m,Timeout 10m,Timeout 10m,,"600.000,00","600.000,00","600.000,00","600.000,00","600.000,00",,81,,,,,,,,,,,,,,,
,WH2_2_1/9.json,Timeout 10m,Timeout 10m,Timeout 10m,Timeout 10m,Timeout 10m,,"600.000,00","600.000,00","600.000,00","600.000,00","600.000,00",,82,,,,,,,,,,,,,,,
,WH2_2_1/10.json,Timeout 10m,Timeout 10m,Timeout 10m,Timeout 10m,Timeout 10m,,"600.000,00","600.000,00","600.000,00","600.000,00","600.000,00",,83,,,,,,,,,,,,,,,
,WH2_2_1/11.json,Timeout 10m,Timeout 10m,Segmentation Fault,Segmentation Fault,Timeout 10m,,"600.000,00","600.000,00","600.000,00","600.000,00","600.000,00",,84,,,,,,,,,,,,,,,
,WH2_2_2/0.json,21.4414,27.27,27.5231,49.8304,21.2905,,"21,44","27,27","27,52","49,83","21,29",,85,,,,,,,,,,,,,,,
,WH2_2_2/1.json,0.216321,0.30594,3.17115,0.42026,0.234695,,"0,22","0,31","3,17","0,42","0,23",,86,,,,,,,,,,,,,,,
,WH2_2_2/2.json,342.201,317.833,Solution is not valid,Solution is not valid,309.185,,"342,20","317,83","600.000,00","600.000,00","309,19",,87,,,,,,,,,,,,,,,
,WH2_2_2/3.json,Timeout 10m,Timeout 10m,Segmentation Fault,Segmentation Fault,Timeout 10m,,"600.000,00","600.000,00","600.000,00","600.000,00","600.000,00",,88,,,,,,,,,,,,,,,
,WH2_2_2/4.json,274.067,318.598,848.08,1535.34,423.925,,"274,07","318,60","848,08","1.535,34","423,93",,89,,,,,,,,,,,,,,,
,WH2_2_2/5.json,5453.86,5448.49,5961.46,12071.7,5453.86,,"5.453,86","5.448,49","5.961,46","12.071,70","5.453,86",,90,,,,,,,,,,,,,,,
,WH2_2_2/6.json,Timeout 10m,Timeout 10m,Timeout 10m,Timeout 10m,Timeout 10m,,"600.000,00","600.000,00","600.000,00","600.000,00","600.000,00",,91,,,,,,,,,,,,,,,
,WH2_2_2/7.json,Timeout 10m,Timeout 10m,Timeout 10m,Timeout 10m,Timeout 10m,,"600.000,00","600.000,00","600.000,00","600.000,00","600.000,00",,92,,,,,,,,,,,,,,,
,WH2_2_2/8.json,Timeout 10m,Timeout 10m,Timeout 10m,Timeout 10m,Timeout 10m,,"600.000,00","600.000,00","600.000,00","600.000,00","600.000,00",,93,,,,,,,,,,,,,,,
,WH2_2_2/9.json,Timeout 10m,Timeout 10m,Timeout 10m,Timeout 10m,Timeout 10m,,"600.000,00","600.000,00","600.000,00","600.000,00","600.000,00",,94,,,,,,,,,,,,,,,
,WH2_2_2/10.json,Timeout 10m,Timeout 10m,Timeout 10m,Timeout 10m,Timeout 10m,,"600.000,00","600.000,00","600.000,00","600.000,00","600.000,00",,95,,,,,,,,,,,,,,,
,WH2_2_2/11.json,Timeout 10m,Timeout 10m,Segmentation Fault,Segmentation Fault,Timeout 10m,,"600.000,00","600.000,00","600.000,00","600.000,00","600.000,00",,96,,,,,,,,,,,,,,,
,WH12/0.json,1.83087,1.87053,56.924,1.77261,1.53955,,"1,83","1,87","56,92","1,77","1,54",,97,,,,,,,,,,,,,,,
,WH12/1.json,341.693,6.41337,302.511,607.044,238.636,,"341,69","6,41","302,51","607,04","238,64",,98,,,,,,,,,,,,,,,
,WH12/2.json,8.85025,9.17498,1372.25,9.00765,9.18191,,"8,85","9,17","1.372,25","9,01","9,18",,99,,,,,,,,,,,,,,,
,WH12/3.json,3798.15,Error,7392.02,14972.9,10736.7,,"3.798,15","600.000,00","7.392,02","14.972,90","10.736,70",,100,,,,,,,,,,,,,,,
,WH12/4.json,3.16233,3.22149,95.2145,3.64789,3.39544,,"3,16","3,22","95,21","3,65","3,40",,101,,,,,,,,,,,,,,,
,WH12/5.json,336.345,11.5457,368.826,453.811,536.345,,"336,35","11,55","368,83","453,81","536,35",,102,,,,,,,,,,,,,,,
,WH12/6.json,Timeout 10m,Error,Timeout 10m,Timeout 10m,Timeout 10m,,"600.000,00","600.000,00","600.000,00","600.000,00","600.000,00",,103,,,,,,,,,,,,,,,
,WH12/7.json,6871.32,Error,10363.4,19851.1,9234.24,,"6.871,32","600.000,00","10.363,40","19.851,10","9.234,24",,104,,,,,,,,,,,,,,,
,WH12/8.json,339.573,10.486,270.529,156.767,540.132,,"339,57","10,49","270,53","156,77","540,13",,105,,,,,,,,,,,,,,,
,WH12/9.json,Timeout 10m,Error,Timeout 10m,Timeout 10m,Timeout 10m,,"600.000,00","600.000,00","600.000,00","600.000,00","600.000,00",,106,,,,,,,,,,,,,,,
,WH12/10.json,Timeout 10m,Error,Timeout 10m,Timeout 10m,Timeout 10m,,"600.000,00","600.000,00","600.000,00","600.000,00","600.000,00",,107,,,,,,,,,,,,,,,
,WH12/11.json,Timeout 10m,Error,Timeout 10m,Timeout 10m,Timeout 10m,,"600.000,00","600.000,00","600.000,00","600.000,00","600.000,00",,108,,,,,,,,,,,,,,,